Gas Injection Rate (GRATES),Water Injection Rate (WRATES),oil_pro_vol,wat_inj_vol,wat_pro_vol,gas_inj_vol,gas_pro_vol,gas_retained,co2_injected,co2_backprod,co2_retained,prod_bhp,inj_bhp,ratio_oil_to_inj_vol
4242.695210842088,6131.563537224787,11096293.0,11190103.0,158469.15625,7742919.0,11411339.0,-3668420.0,7742922.5,5055381.5,2687541.0,2400.0,0.0,0.5860814507055451
4672.1153184342675,12437.705828554992,19044558.0,22698814.0,473110.09375,8526610.0,16690940.0,-8164330.0,8526624.0,5782219.0,2744405.0,2400.0,0.0,0.6099055052062704
1443.6088044416501,12594.361297066533,18525788.0,22984710.0,496855.78125,2634586.0,11807105.0,-9172519.0,2634629.0,1195538.625,1439090.375,2400.0,0.0,0.7231185431481021
3825.4894345629527,5042.299125216221,9658610.0,9202196.0,142257.15625,6981518.0,9783874.0,-2802356.0,6981506.0,4251421.5,2730084.5,2400.0,0.0,0.5968104725528393
1359.1903911771699,10456.35641247412,16065234.0,19082850.0,217374.328125,2480522.5,10370985.0,-7890462.5,2480531.25,1168818.5,1311712.75,2400.0,0.0,0.7450241839489625
4379.484676299055,13304.898078769153,19378304.0,24281438.0,1160367.125,7992559.5,16242738.0,-8250178.5,7992554.5,5142845.5,2849709.0,2400.0,0.0,0.6004308576896927
3247.0994059438613,7436.550914262635,12553971.0,13571705.0,174655.28125,5925956.5,10911309.0,-4985352.5,5925945.5,3720397.75,2205547.75,2400.0,0.0,0.643870599558824
2672.273349640607,13712.889025421537,19193150.0,24966596.0,1651630.875,4876899.0,13606039.0,-8729140.0,4876855.0,2612202.25,2264652.75,2400.0,0.0,0.6431267517427165
4924.303968525121,7646.251025834152,13191329.0,13954408.0,181818.09375,8986855.0,13768123.0,-4781268.0,8986857.0,6212131.0,2774726.0,2400.0,0.0,0.575004479919
4603.988784950748,11491.918112518357,18145482.0,20972750.0,249780.921875,8402280.0,16217801.0,-7815521.0,8402262.0,5824068.5,2578193.5,2400.0,0.0,0.6177179053093733
4394.344984309156,11945.474748080764,18608788.0,21800492.0,295029.5625,8019679.5,16117119.0,-8097439.5,8019673.0,5458005.5,2561667.5,2400.0,0.0,0.6240335673455131
1728.0957146410724,14261.859142217458,19059278.0,25792318.0,2298510.0,3153774.75,12271064.0,-9117289.25,3153779.25,1353916.875,1799862.375,2400.0,0.0,0.6584404383904283
2479.6722345438347,12074.627460610134,18382132.0,22036196.0,298423.3125,4525402.0,13166067.0,-8640665.0,4525386.0,2636781.5,1888604.5,2400.0,0.0,0.6920567053232264
3587.5636213788653,7071.135177718001,12156902.0,12904822.0,170136.5,6547303.5,11151541.0,-4604237.5,6547280.5,4188067.75,2359212.75,2400.0,0.0,0.6249652255225271
1952.9833407660572,5549.840709159189,9746680.0,10128459.0,143490.5,3564194.5,7338468.0,-3774273.5,3564193.75,1755570.375,1808623.375,2400.0,0.0,0.7118182023666925
3384.879454534646,14039.347327540387,19369988.0,25429892.0,2096976.25,6177405.0,14606329.0,-8428924.0,6177391.5,3511200.75,2666190.75,2400.0,0.0,0.612832789845965
4151.228473696088,14304.057320070051,19520146.0,25818082.0,2485404.75,7575992.0,15718822.0,-8142830.0,7575973.5,4537682.5,3038291.0,2400.0,0.0,0.5845392209408172
1133.142849969435,10565.547853038563,16143809.0,19282124.0,218839.390625,2067985.75,10136748.0,-8068762.25,2068018.25,889576.0625,1178442.1875,2400.0,0.0,0.7561464174674793
3311.5026783251797,8579.507096827781,14065020.0,15657600.0,191571.75,6043492.5,11942942.0,-5899449.5,6043491.0,3886498.75,2156992.25,2400.0,0.0,0.6481249734316371
1967.7130889335644,9747.171423338055,15317819.0,17788588.0,207269.828125,3591076.5,10745252.0,-7154175.5,3591063.25,1971208.75,1619854.5,2400.0,0.0,0.7164667621421281
3880.615580043664,10256.650829690225,16417535.0,18718388.0,217912.359375,7082123.5,14169437.0,-7087313.5,7082093.5,4765479.5,2316614.0,2400.0,0.0,0.6363259503595501
2059.7405479868003,9556.518373042192,15082581.0,17440646.0,204368.0625,3759026.5,10742418.0,-6983391.5,3759026.0,2103116.0,1655910.0,2400.0,0.0,0.7114534906140649
4211.724499236853,7586.249660598642,12959818.0,13844906.0,179093.78125,7686397.0,12580753.0,-4894356.0,7686393.0,5157368.5,2529024.5,2400.0,0.0,0.6019058855843513
2326.470430820038,6834.704274369077,11517291.0,12473335.0,163454.578125,4245808.5,8993018.0,-4747209.5,4245798.0,2395909.0,1849889.0,2400.0,0.0,0.6888684818094898
1400.4580740927352,6628.259483264425,10930338.0,12096574.0,157852.734375,2555836.0,7439848.5,-4884012.5,2555827.0,1178951.25,1376875.75,2400.0,0.0,0.7459754402176844
3237.0265186637907,12998.415354369787,19119694.0,23722108.0,810334.8125,5907573.5,14505701.0,-8598127.5,5907543.5,3553941.5,2353602.0,2400.0,0.0,0.6452885428417446
3808.257582960966,10613.960825023409,16861708.0,19370478.0,223353.890625,6950070.0,14323505.0,-7373435.0,6950066.0,4665118.5,2284947.5,2400.0,0.0,0.640629062890332
2419.9919584606278,9270.921573326414,14804613.0,16919432.0,200730.765625,4416485.5,11069741.0,-6653255.5,4416460.5,2589657.75,1826802.75,2400.0,0.0,0.6938821824746932
1497.2384846019715,11843.377455813155,17903384.0,21614164.0,266481.1875,2732460.25,11563977.0,-8831516.75,2732466.25,1308920.625,1423545.625,2400.0,0.0,0.7353538550626788
4352.2597551146555,9881.079224552315,16018441.0,18032970.0,213157.484375,7942874.0,14633556.0,-6690682.0,7942869.5,5458200.0,2484669.5,2400.0,0.0,0.6166668155229142
2494.75996944377,7897.502278118086,12993509.0,14412942.0,180119.125,4552937.0,10092672.0,-5539735.0,4552887.0,2649990.5,1902896.5,2400.0,0.0,0.685099224770969
4175.459863498119,8900.504869000019,14705704.0,16243421.0,198428.0,7620214.5,13559751.0,-5939536.5,7620225.5,5136324.5,2483901.0,2400.0,0.0,0.6162390470638893
3024.9067069779726,11882.043922010369,18306972.0,21684730.0,270074.3125,5520454.5,13933411.0,-8412956.5,5520418.0,3447179.75,2073238.25,2400.0,0.0,0.6729221777562288
4001.939668867126,12740.116636980936,19126936.0,23250712.0,604060.8125,7303540.0,15697061.0,-8393521.0,7303496.0,4741152.0,2562344.0,2400.0,0.0,0.6259991571713162
4441.020674581264,6013.964407156058,10993040.0,10975485.0,157412.34375,8104862.5,11627795.0,-3522932.5,8104853.0,5330986.0,2773867.0,2400.0,0.0,0.5761446430679525
4172.8149153496115,8046.518023037006,13573932.0,14684895.0,185868.96875,7615387.0,12875256.0,-5259869.0,7615386.0,5100109.0,2515277.0,2400.0,0.0,0.6086888049218391
2620.6747944440185,9410.824465723872,15044996.0,17174754.0,203213.0625,4782731.5,11491951.0,-6709219.5,4782727.0,2874177.5,1908549.5,2400.0,0.0,0.6851875639403245
4107.5471846838245,5164.9718100091795,9879356.0,9426074.0,144853.515625,7496273.5,10340691.0,-2844417.5,7496281.5,4681796.0,2814485.5,2400.0,0.0,0.5838052906075827
1883.3240347575506,8381.169516066653,13452510.0,15295634.0,186038.625,3437066.25,9550742.0,-6113675.75,3437085.5,1845149.5,1591936.0,2400.0,0.0,0.7181297848397483
2938.56712166001,6558.487835304748,11341826.0,11969240.0,161091.484375,5362885.0,9702298.0,-4339413.0,5362868.5,3205700.5,2157168.0,2400.0,0.0,0.6543817333419878
4573.258000535414,11371.363289483103,17976672.0,20752738.0,241333.140625,8346196.0,16107251.0,-7761055.0,8346197.0,5810214.0,2535983.0,2400.0,0.0,0.6177776821652642
3391.5356928549177,5857.677851186679,10547873.0,10690262.0,152113.140625,6189552.5,9824975.0,-3635422.5,6189546.0,3783152.0,2406394.0,2400.0,0.0,0.6248808599170329
2218.878928121777,13874.249600507046,19134384.0,25221848.0,1825214.25,4049454.0,12962576.0,-8913122.0,4049481.5,2002408.25,2047073.25,2400.0,0.0,0.6536909085902636
4371.369656150395,10092.405390943903,16297968.0,18418640.0,216294.34375,7977749.5,14833756.0,-6856006.5,7977753.0,5498281.0,2479472.0,2400.0,0.0,0.6174317135303675
1699.4009215641481,14853.248302394284,19105864.0,26563764.0,3020725.0,3101406.75,12203990.0,-9102583.25,3101423.25,1260160.375,1841262.875,2400.0,0.0,0.6440503633372816
1002.3479038098538,14464.698361367387,18859872.0,26071878.0,2504266.75,1829284.875,11381608.0,-9552323.125,1829279.875,578676.9375,1250602.9375,2400.0,0.0,0.6759529014792004
1045.6217903516379,11577.800100675984,17416210.0,21129486.0,243397.984375,1908259.75,10749551.0,-8841291.25,1908267.375,773549.5,1134717.875,2400.0,0.0,0.7559858585556272
4756.337342058816,5318.639425534371,10202103.0,9706517.0,148899.9375,8680316.0,11525506.0,-2845190.0,8680305.0,5681741.5,2998563.5,2400.0,0.0,0.5548591755850505
3922.0807859570837,12706.964178045639,19091208.0,23190210.0,591256.5,7157797.5,15560696.0,-8402898.5,7157781.5,4625255.0,2532526.5,2400.0,0.0,0.6290761592832742
4705.949035561089,12189.617515430442,18854582.0,22246052.0,374478.53125,8588357.0,16689949.0,-8101592.0,8588364.0,5890047.0,2698317.0,2400.0,0.0,0.6114786244159893
3684.4209303867856,6178.654516422399,11027881.0,11276044.0,157517.15625,6724068.0,10561673.0,-3837605.0,6724070.0,4244901.5,2479168.5,2400.0,0.0,0.6126562434722629
4052.03101910593,14832.146624764733,19562964.0,26474632.0,3118807.75,7394956.5,15516180.0,-8121223.5,7394935.5,4310514.5,3084421.0,2400.0,0.0,0.5775967428715587
2657.4113960173645,9595.998093583476,15280189.0,17512696.0,205829.734375,4849776.0,11706807.0,-6857031.0,4849752.0,2954315.5,1895436.5,2400.0,0.0,0.6832960595769555
1707.8551681458953,8603.55547446408,13685988.0,15701489.0,188981.671875,3116835.75,9469373.0,-6352537.25,3116850.25,1630039.25,1486811.0,2400.0,0.0,0.7272692007294645
1663.548338629607,8023.77454628159,12880378.0,14643389.0,179864.703125,3035975.75,8944010.0,-5908034.25,3035993.75,1566131.0,1469862.75,2400.0,0.0,0.7285543446915987
2480.8090741434426,10132.886791494584,15973812.0,18492518.0,214236.28125,4527476.5,11831923.0,-7304446.5,4527454.0,2682125.25,1845328.75,2400.0,0.0,0.693910330864762
2400.736861774727,6440.61823042032,11046222.0,11754128.0,158029.90625,4381345.0,8762250.0,-4380905.0,4381323.0,2434973.5,1946349.5,2400.0,0.0,0.6845923884598859
4744.532910082364,13682.41959480806,19488268.0,24929990.0,1733096.25,8658773.0,16711288.0,-8052515.0,8658766.0,5548409.5,3110356.5,2400.0,0.0,0.5802020157753354
3715.7665349693107,9855.890626538676,15857332.0,17987000.0,211535.9375,6781274.0,13594490.0,-6813216.0,6781264.0,4511411.0,2269853.0,2400.0,0.0,0.6402275750017946
1250.022244443566,12207.888032667199,18178722.0,22279396.0,330686.9375,2281290.5,11407063.0,-9125772.5,2281283.5,994290.5,1286993.0,2400.0,0.0,0.7401552884118284
2886.8953508098784,6871.366761798175,11728756.0,12540244.0,165494.734375,5268584.0,9886543.0,-4617959.0,5268563.5,3168312.0,2100251.5,2400.0,0.0,0.6585922442509973
4087.5048455701854,13198.641156937658,19296044.0,24087520.0,1091233.375,7459696.5,15760516.0,-8300819.5,7459691.0,4707747.5,2751943.5,2400.0,0.0,0.611655991900268
4068.0400616114644,6594.990805471688,11646878.0,12035858.0,164498.0,7424173.0,11525389.0,-4101216.0,7424168.0,4854053.5,2570114.5,2400.0,0.0,0.5985025409260654
2209.851336482449,9202.973729799032,14635658.0,16795428.0,199032.890625,4032978.75,10705892.0,-6672913.25,4032962.5,2322592.25,1710370.25,2400.0,0.0,0.7026777504237092
2265.5479032755666,13165.400781968889,18970876.0,24026856.0,971696.125,4134625.0,13047991.0,-8913366.0,4134616.25,2181470.75,1953145.5,2400.0,0.0,0.6736462475109175
4521.41035405334,14014.350961197097,19515910.0,25408862.0,2137367.25,8251574.0,16323984.0,-8072410.0,8251568.5,5145268.0,3106300.5,2400.0,0.0,0.5797877959750729
1579.6365396352955,6641.445811810561,11015719.0,12120639.0,158598.546875,2882836.75,7711810.0,-4828973.25,2882847.5,1402006.375,1480841.125,2400.0,0.0,0.7342111377092071
4643.151372773282,11077.802459726881,17657186.0,20216990.0,236131.375,8473751.0,15986935.0,-7513184.0,8473757.0,5872912.0,2600845.0,2400.0,0.0,0.6154315080255334
3033.698980467846,14964.194794391173,19421540.0,26706186.0,3215725.0,5536500.5,14034852.0,-8498351.5,5536482.5,2910194.5,2626288.0,2400.0,0.0,0.6023548937214025
3045.746714651592,10317.115811988753,16326405.0,18828736.0,217489.890625,5558488.0,12867745.0,-7309257.0,5558445.5,3515981.75,2042463.75,2400.0,0.0,0.6694654955397957
2547.7802583678376,8179.81007661633,13379488.0,14928153.0,184387.953125,4649699.0,10407334.0,-5757635.0,4649642.5,2743563.0,1906079.5,2400.0,0.0,0.6833991798487393
1263.445235075497,12861.957360774742,18610882.0,23473072.0,659138.5,2305787.5,11627078.0,-9321290.5,2305817.5,966764.3125,1339053.1875,2400.0,0.0,0.7219435755100027
3256.613303048076,11930.697363378116,18393518.0,21773522.0,289586.875,5943319.5,14292089.0,-8348769.5,5943288.0,3756285.25,2187002.75,2400.0,0.0,0.6636224405295242
3173.2136044141143,13748.83827240142,19294548.0,25022308.0,1710839.25,5791115.0,14332424.0,-8541309.0,5791095.0,3280505.5,2510589.5,2400.0,0.0,0.6261734699192621
3601.2707099533454,14528.208353249755,19474962.0,26119588.0,2704503.5,6572319.0,14891930.0,-8319611.0,6572325.0,3736671.75,2835653.25,2400.0,0.0,0.5957120213268684
4120.344241314855,7558.261764556168,12905044.0,13793828.0,178488.828125,7519628.0,12412483.0,-4892855.0,7519629.5,5020474.5,2499155.0,2400.0,0.0,0.6054881010381423
3470.096508939271,9487.09408359166,15314855.0,17313946.0,205529.515625,6332926.0,12915097.0,-6582171.0,6332900.5,4142749.75,2190150.75,2400.0,0.0,0.6476482386338456
2744.8572491051605,8720.955908914206,14130685.0,15915745.0,192697.046875,5009364.5,11160225.0,-6150860.5,5009349.5,3066176.0,1943173.5,2400.0,0.0,0.675298019348477
3408.9708332213186,14924.543225715486,19489456.0,26630026.0,3183213.75,6221372.0,14572159.0,-8350787.0,6221374.5,3408598.5,2812776.0,2400.0,0.0,0.5932610843532443
1746.7992949037175,14389.729218715467,19069988.0,25933200.0,2454858.75,3187908.75,12282827.0,-9094918.25,3187931.5,1359544.25,1828387.25,2400.0,0.0,0.6548510279506442
1526.024587568777,11232.367407090806,17146952.0,20499070.0,232710.171875,2784994.75,11196101.0,-8411106.25,2784988.5,1374327.625,1410660.875,2400.0,0.0,0.736424339311288
2915.04752296492,7332.685181100496,12341151.0,13382150.0,172406.515625,5319961.5,10307938.0,-4987976.5,5319947.0,3238929.75,2081017.25,2400.0,0.0,0.6598800889407594
4964.831236421925,10598.31537054747,17042928.0,19341926.0,225124.015625,9060817.0,16195775.0,-7134958.0,9060799.0,6433589.5,2627209.5,2400.0,0.0,0.6000451435271587
4057.2189578059115,8283.253633369388,13842381.0,15116938.0,188874.375,7404424.5,12893602.0,-5489177.5,7404432.5,4964693.5,2439739.0,2400.0,0.0,0.6146333730918812
2144.054665599603,11111.074787425106,17166350.0,20277712.0,230719.71875,3912899.75,12044625.0,-8131725.25,3912873.75,2211743.75,1701130.0,2400.0,0.0,0.7096286020960176
2178.050589321544,8451.059596740537,13631525.0,15423184.0,187675.28125,3974942.25,10056253.0,-6081310.75,3974933.0,2248115.75,1726817.25,2400.0,0.0,0.7027238004495409
1072.8912854999444,14662.943205968939,18896410.0,26325288.0,2753406.5,1958026.625,11452604.0,-9494577.375,1958040.5,628745.0625,1329295.4375,2400.0,0.0,0.6681115792311418
2870.6083455082985,13506.61563384807,19185116.0,24604350.0,1393584.75,5238860.0,13917629.0,-8678769.0,5238837.0,2928402.5,2310434.5,2400.0,0.0,0.6428636865806325
3414.658365748924,9387.126477150756,15165526.0,17131506.0,203891.765625,6231751.5,12740300.0,-6508548.5,6231712.0,4053487.25,2178224.75,2400.0,0.0,0.6491186428091202
1418.8885834399364,6517.013743434142,10794020.0,11893550.0,156258.984375,2589471.75,7372268.0,-4782796.25,2589463.0,1189453.5,1400009.5,2400.0,0.0,0.7452878402257457
3738.466108114821,10394.464088221324,16569427.0,18969896.0,219809.6875,6822700.5,14040077.0,-7217376.5,6822692.0,4549109.5,2273582.5,2400.0,0.0,0.6424101970501497
3766.81640159819,7374.370722871106,12595724.0,13458227.0,175040.890625,6874440.0,11683248.0,-4808808.0,6874433.5,4468416.5,2406017.0,2400.0,0.0,0.6194821367998601
3105.5596757492344,7941.133985433963,13175526.0,14492570.0,181696.140625,5667646.5,11102738.0,-5435091.5,5667639.0,3555799.5,2111839.5,2400.0,0.0,0.6535408982339054
2747.110865964485,9687.962170691659,15424992.0,17680530.0,207381.65625,5013477.5,11919228.0,-6905750.5,5013447.5,3083796.25,1929651.25,2400.0,0.0,0.6796944964436096
3088.519766101347,6761.692180858301,11639584.0,12340088.0,164437.609375,5636548.5,10100687.0,-4464138.5,5636545.0,3433536.75,2203008.25,2400.0,0.0,0.647483971765241
1974.6223595444976,11328.726645060533,17401554.0,20674926.0,235701.15625,3603685.75,11938898.0,-8335212.25,3603671.75,1971288.375,1632383.375,2400.0,0.0,0.7167441935801786
4774.15426566572,9647.330328649165,15802720.0,17606378.0,210696.890625,8712832.0,15124081.0,-6411249.0,8712841.0,6072285.0,2640556.0,2400.0,0.0,0.6004253167173331
2831.1617406453493,6811.28345865426,11633082.0,12430592.0,164436.359375,5166870.0,9742952.0,-4576082.0,5166854.0,3079524.25,2087329.75,2400.0,0.0,0.6610658968889945
4429.439786593663,6679.09284904341,11836750.0,12189344.0,166677.96875,8083727.5,12172210.0,-4088482.5,8083725.5,5392119.5,2691606.0,2400.0,0.0,0.5838656466041665
4146.507946571217,9196.460693837213,15067333.0,16783540.0,202499.328125,7567377.0,13769519.0,-6202142.0,7567380.5,5138952.5,2428428.0,2400.0,0.0,0.618758340804989
3067.853753020327,7812.290858147451,13005084.0,14257431.0,179808.71875,5598833.0,10940809.0,-5341976.0,5598827.5,3491498.5,2107329.0,2400.0,0.0,0.6549612756961732
2841.4782757443168,6068.6875532856875,10686362.0,11075355.0,153703.984375,5185698.0,9139369.0,-3953671.0,5185683.0,3018221.5,2167461.5,2400.0,0.0,0.6571752764104514
1111.9314708664674,12803.169613871407,18485216.0,23365784.0,691589.9375,2029274.875,11379482.0,-9350207.125,2029250.875,791149.4375,1238101.4375,2400.0,0.0,0.7279060108105381
2311.352466025355,13841.214871963039,19143428.0,25179254.0,1776117.375,4218218.5,13095202.0,-8876983.5,4218194.5,2129846.75,2088347.75,2400.0,0.0,0.6511929894653359
3360.506384184568,13608.436088534081,19300014.0,24802090.0,1512331.375,6132924.0,14639791.0,-8506867.0,6132880.5,3584743.5,2548137.0,2400.0,0.0,0.6238889693083701
3346.8539225769737,14883.110140818515,19474890.0,26578738.0,3128548.0,6108008.5,14484695.0,-8376686.5,6107987.5,3329478.75,2778508.75,2400.0,0.0,0.5958038680906954
2522.7801971048075,14095.048692476672,19222680.0,25545866.0,2140285.25,4604074.0,13359050.0,-8754976.0,4604077.5,2348305.5,2255772.0,2400.0,0.0,0.6375694279988617
4552.231654319735,7432.636736149826,12829404.0,13564562.0,177690.609375,8307823.0,13005037.0,-4697214.0,8307826.0,5656351.5,2651474.5,2400.0,0.0,0.5865571587186308
2995.169354414711,14704.536007982417,19390050.0,26343460.0,2877178.0,5466184.0,13993721.0,-8527537.0,5466148.5,2887100.0,2579048.5,2400.0,0.0,0.6095651369125665
2640.671940582497,9349.297478662498,14943207.0,17062468.0,201979.4375,4819226.5,11493040.0,-6673813.5,4819241.5,2933568.25,1885673.25,2400.0,0.0,0.6829090407052343
1765.0728064700716,7764.636516439405,12588988.0,14170462.0,176360.046875,3221257.75,8881690.0,-5660432.25,3221252.0,1670717.875,1550534.125,2400.0,0.0,0.7238495204017993
2039.7166370142431,13406.968209787983,19007500.0,24458964.0,1227226.125,3722482.75,12741504.0,-9019021.25,3722473.5,1854009.125,1868464.375,2400.0,0.0,0.6744685668062801
3871.4983261650423,7603.074461844581,12921424.0,13875611.0,178663.125,7065484.5,12034202.0,-4968717.5,7065487.0,4632811.0,2432676.0,2400.0,0.0,0.6170366779522113
2577.948089138873,13445.766156881367,19111586.0,24510384.0,1332420.75,4704755.5,13480749.0,-8775993.5,4704727.0,2533630.75,2171096.25,2400.0,0.0,0.6541671998519809
2299.3705943603436,13568.102576967189,19091834.0,24736886.0,1434141.5,4196351.5,13087946.0,-8891594.5,4196346.5,2152143.25,2044203.25,2400.0,0.0,0.659858199415119
1277.9363302708623,5707.022380722272,9669506.0,10415316.0,143417.828125,2332233.75,6502117.5,-4169883.75,2332238.0,963424.625,1368813.375,2400.0,0.0,0.7585384006836294
3674.063494586419,7973.201859263749,13358060.0,14551093.0,183551.9375,6705166.0,12030320.0,-5325154.0,6705165.5,4378825.5,2326340.0,2400.0,0.0,0.6284294898740178
4589.518970771044,13213.018654400845,19345604.0,24113760.0,1178877.375,8375872.0,16497523.0,-8121651.0,8375875.5,5416364.0,2959511.5,2400.0,0.0,0.5954393081460572
4806.413950050155,9253.31596694553,15281108.0,16887302.0,204842.375,8771705.0,14879187.0,-6107482.0,8771709.0,6126169.0,2645540.0,2400.0,0.0,0.5955455719701078
3570.792095098829,5886.783952586884,10631734.0,10743381.0,153060.640625,6516695.5,10132090.0,-3615394.5,6516678.0,4042231.5,2474446.5,2400.0,0.0,0.6159725885340079
3506.850793984428,8673.664069825769,14234555.0,15829437.0,193378.0625,6400002.5,12328338.0,-5928335.5,6399969.0,4174785.25,2225183.75,2400.0,0.0,0.6403470047006808
2339.424901570661,6906.90740110718,11639455.0,12605106.0,164809.078125,4269450.5,9052808.0,-4783357.5,4269431.5,2385728.5,1883703.0,2400.0,0.0,0.6897636094910109
2083.022381321414,7225.946752502512,11977839.0,13187353.0,168964.546875,3801515.75,8924919.0,-5123403.25,3801509.5,2064013.0,1737496.5,2400.0,0.0,0.7050404106512389
3838.998257222385,11756.598538769047,18314182.0,21455792.0,261229.5,7006172.0,15155286.0,-8149114.0,7006167.5,4664922.0,2341245.5,2400.0,0.0,0.6434616388384161
4407.331141030252,8775.937908316908,14587208.0,16016087.0,197127.953125,8043379.5,13837960.0,-5794580.5,8043389.5,5482406.5,2560983.0,2400.0,0.0,0.60629806566991
1100.8291143800695,12948.05759981331,18576254.0,23630206.0,745895.8125,2009013.125,11423715.0,-9414701.875,2009008.125,783241.0625,1225767.0625,2400.0,0.0,0.7245249517715178
1642.4487778426935,10166.233469523475,15764117.0,18553376.0,213005.375,2997469.0,10578305.0,-7580836.0,2997492.75,1548618.75,1448874.0,2400.0,0.0,0.7314848675307163
2290.827159485698,12240.287678474571,18482236.0,22338526.0,365835.78125,4180759.5,12926331.0,-8745571.5,4180743.25,2339705.75,1841037.5,2400.0,0.0,0.6969356697034692
1830.9824651541335,14567.095836658964,19114678.0,26212552.0,2700060.0,3341543.0,12384267.0,-9042724.0,3341566.5,1435378.5,1906188.0,2400.0,0.0,0.6467691871464851
3863.7841632113345,5369.649014871091,10049362.0,9799609.0,146671.90625,7051406.0,10151896.0,-3100490.0,7051407.0,4395621.0,2655786.0,2400.0,0.0,0.5963653821446364
4260.998263337096,14543.428913928175,19569766.0,26128720.0,2736126.25,7776322.0,15879775.0,-8103453.0,7776305.0,4670213.5,3106091.5,2400.0,0.0,0.5771933861636273
1548.9575004016933,6288.192239632352,10542766.0,11475951.0,153184.46875,2826847.5,7372468.5,-4545621.0,2826848.0,1333572.625,1493275.375,2400.0,0.0,0.737112111311643
4329.629667865673,7781.698173113143,13229828.0,14201599.0,182066.375,7901574.0,12935085.0,-5033511.0,7901572.0,5357038.0,2544534.0,2400.0,0.0,0.5985488146882803
3755.840799662079,10981.4333660677,17339076.0,20041116.0,229933.375,6854409.5,14503516.0,-7649106.5,6854366.5,4571693.5,2282673.0,2400.0,0.0,0.6446825513782952
3448.6330302470215,7857.891980447449,13155220.0,14340653.0,181355.828125,6293755.5,11571373.0,-5277617.5,6293729.5,4036070.5,2257659.0,2400.0,0.0,0.637538022958109
2158.14244456875,9778.447253657576,15413961.0,17845666.0,208077.875,3938610.0,11061939.0,-7123329.0,3938623.0,2232825.25,1705797.75,2400.0,0.0,0.7075727924122885
3549.4931649378887,12767.158434069164,19031732.0,23300064.0,703546.4375,6477825.0,14920950.0,-8443125.0,6477808.5,4019576.5,2458232.0,2400.0,0.0,0.6391229411863278
1826.2730546695102,5101.795926114269,9116029.0,9310778.0,136302.703125,3332948.25,6774031.0,-3441082.75,3332933.5,1552370.125,1780563.375,2400.0,0.0,0.7209922786805038
1517.6903194689698,7153.557610850437,11670987.0,13055243.0,166250.140625,2769784.75,8029146.5,-5259361.75,2769790.75,1344005.5,1425785.25,2400.0,0.0,0.7375018347124226
3993.3482357720914,11541.000121719913,18092484.0,21062326.0,246163.46875,7287860.5,15280262.0,-7992401.5,7287834.5,4916889.5,2370945.0,2400.0,0.0,0.6381786588952422
1542.267303187381,9531.7242991947,14893342.0,17395396.0,203117.21875,2814637.75,9941180.0,-7126542.25,2814626.0,1410274.125,1404351.875,2400.0,0.0,0.7369281112655243
4199.506935873685,10043.615459898323,16187545.0,18329598.0,215086.859375,7664100.0,14518737.0,-6854637.0,7664093.5,5246513.0,2417580.5,2400.0,0.0,0.6227488293508681
4888.4854326290515,9309.830143605659,15358843.0,16990440.0,205721.53125,8921486.0,15059394.0,-6137908.0,8921482.0,6261852.0,2659630.0,2400.0,0.0,0.5927325896191584
2395.2526880188425,14141.754289302242,19190612.0,25541956.0,2182948.25,4371336.0,13169539.0,-8798203.0,4371327.0,2177156.0,2194171.0,2400.0,0.0,0.6415412920784512
3705.3786261003256,13063.259757390126,19200596.0,23840450.0,915580.25,6762316.0,15198506.0,-8436190.0,6762290.5,4200409.0,2561881.5,2400.0,0.0,0.6274137442347532
4793.301888806356,13374.721454295994,19450222.0,24408866.0,1261274.25,8747776.0,16871164.0,-8123388.0,8747779.0,5730079.0,3017700.0,2400.0,0.0,0.586616159742594
1461.1208539685908,6724.17831528066,11083792.0,12271625.0,159575.3125,2666545.5,7602230.5,-4935685.0,2666539.5,1253434.5,1413105.0,2400.0,0.0,0.7419778747337232
1391.4563857134362,8961.744593300118,14058099.0,16355184.0,193820.6875,2539408.0,9282331.0,-6742923.0,2539416.75,1229851.375,1309565.375,2400.0,0.0,0.7440276561674367
4940.939754822906,6350.596632603176,11526239.0,11589839.0,163527.234375,9017215.0,12721714.0,-3704499.0,9017213.0,6119484.5,2897728.5,2400.0,0.0,0.5593346336647635
3002.906697654258,12521.548970000433,18825682.0,22851826.0,499352.9375,5480304.5,14078827.0,-8598522.5,5480264.5,3295480.25,2184784.25,2400.0,0.0,0.6644640437470807
3540.6270436544196,11643.706510553635,18126550.0,21249764.0,251051.390625,6461644.5,14611672.0,-8150027.5,6461639.0,4228785.0,2232854.0,2400.0,0.0,0.6541186818418125
2635.431663237168,13273.307427686654,19095720.0,24223786.0,1080116.875,4809663.0,13599212.0,-8789549.0,4809630.5,2661183.0,2148447.5,2400.0,0.0,0.6577144864876371
4238.983559147965,5019.376212164321,9706276.0,9160362.0,143021.40625,7736145.0,10440978.0,-2704833.0,7736150.0,4881223.0,2854927.0,2400.0,0.0,0.574454589933884
2815.435238413631,7356.177651065203,12345316.0,13425024.0,172497.671875,5138169.5,10171656.0,-5033486.5,5138134.0,3100263.75,2037870.25,2400.0,0.0,0.6650426824457764
2019.8856315688538,7917.746761780672,12878803.0,14449888.0,179304.796875,3686291.25,9385883.0,-5699591.75,3686292.25,2008908.0,1677384.25,2400.0,0.0,0.7101166581158488
3064.8876920251814,12114.170083450423,18534926.0,22108360.0,339033.84375,5593420.0,14054156.0,-8460736.0,5593383.5,3437358.5,2156025.0,2400.0,0.0,0.6690879069864825
1802.4647263761935,11462.139687002518,17521300.0,20918404.0,239708.078125,3289498.25,11770956.0,-8481457.75,3289514.0,1734759.125,1554754.875,2400.0,0.0,0.7237843171644499
1332.8334239253481,13492.42783176539,18829050.0,24601484.0,1328005.125,2432421.0,11771202.0,-9338781.0,2432444.25,985921.8125,1446522.4375,2400.0,0.0,0.696497601807804
1776.8004066769868,10297.118461629878,15978848.0,18792242.0,215255.6875,3242660.75,10879954.0,-7637293.25,3242679.0,1727270.75,1515408.25,2400.0,0.0,0.7251608133373768
4720.94211875062,14333.966959258894,19599394.0,25867146.0,2531405.75,8615719.0,16605722.0,-7990003.0,8615716.0,5379190.0,3236526.0,2400.0,0.0,0.5683806725456252
4095.54848930504,9067.45357903379,14899866.0,16548103.0,200695.078125,7474376.0,13573650.0,-6099274.0,7474371.0,5039008.5,2435362.5,2400.0,0.0,0.6202468113303378
4959.788664822701,8980.061024662717,14917892.0,16388611.0,200850.5,9051614.0,14922987.0,-5871373.0,9051612.0,6378019.0,2673593.0,2400.0,0.0,0.5863899395543868
3496.1252652934168,11414.649047495752,17861488.0,20831734.0,241716.125,6380428.5,14376857.0,-7996428.5,6380399.0,4145797.75,2234601.25,2400.0,0.0,0.6563788526545805
3640.0707288130748,11293.36300226592,17725898.0,20610388.0,236871.15625,6643129.0,14533870.0,-7890741.0,6643100.5,4380476.0,2262624.5,2400.0,0.0,0.6504077253588959
4031.1407409468025,7283.205674465238,12523698.0,13291850.0,174228.015625,7356832.0,12041365.0,-4684533.0,7356840.5,4867795.0,2489045.5,2400.0,0.0,0.6065131905271242
1291.6754725382812,11518.026518940038,17448018.0,21020398.0,242311.53125,2357307.75,11060495.0,-8703187.25,2357297.75,1066276.25,1291021.5,2400.0,0.0,0.7463528793880897
2049.4361709498553,12565.711527673957,18656540.0,22932424.0,490598.46875,3740221.0,12658803.0,-8918582.0,3740202.25,1972338.625,1767863.625,2400.0,0.0,0.6994634390402602
4712.917915954522,9038.259895410909,14967495.0,16494824.0,201392.125,8601075.0,14554135.0,-5953060.0,8601077.0,5980753.5,2620323.5,2400.0,0.0,0.5964119874725349
2348.1533087621983,10757.806178657875,16755499.0,19632996.0,223885.40625,4285380.0,12111911.0,-7826531.0,4285380.0,2514364.0,1771016.0,2400.0,0.0,0.7005282883754315
2189.116539809474,11263.369171053657,17388996.0,20555648.0,234370.625,3995137.75,12226949.0,-8231811.25,3995124.25,2266531.0,1728593.25,2400.0,0.0,0.7082867398653422
4279.057326977643,13243.150045108312,19321240.0,24168748.0,1172050.5,7809279.5,16036126.0,-8226846.5,7809256.5,4968925.5,2840331.0,2400.0,0.0,0.6042036207517802
3217.100741961151,7106.824008830265,12136363.0,12969954.0,169970.9375,5871209.0,10582788.0,-4711579.0,5871181.5,3631085.5,2240096.0,2400.0,0.0,0.6441408632789812
2862.43751567244,14622.105102821579,19348208.0,26255762.0,2817282.0,5223948.5,13803144.0,-8579195.5,5223915.0,2720488.5,2503426.5,2400.0,0.0,0.61462471200299
1936.177866035011,9904.364603725531,15523008.0,18075466.0,209741.578125,3533524.5,10814686.0,-7281161.5,3533528.5,1923110.5,1610418.0,2400.0,0.0,0.7183587775652917
1610.8108372791594,11066.301460749604,16972256.0,20196000.0,230392.953125,2939729.75,11202314.0,-8262584.25,2939704.5,1480606.0,1459098.5,2400.0,0.0,0.7335950144386519
1231.896445304657,6947.8994203184575,11286794.0,12679916.0,162289.75,2248211.0,7456409.0,-5208198.0,2248211.25,991333.25,1256878.0,2400.0,0.0,0.7560756952295489
4987.752099002217,11794.35559359212,18543548.0,21524698.0,279525.96875,9102648.0,16996484.0,-7893836.0,9102646.0,6374763.5,2727882.5,2400.0,0.0,0.605457227668372
2591.829447466218,9720.124226096115,15448078.0,17739226.0,207884.109375,4730088.5,11698077.0,-6967988.5,4730078.5,2849418.0,1880660.5,2400.0,0.0,0.6875188826966662
2241.665981690154,10947.334389001237,16992812.0,19978886.0,228265.828125,4091040.5,12063905.0,-7972864.5,4091003.0,2330425.25,1760577.75,2400.0,0.0,0.7059768961072648
3953.4926282420747,5202.807560913929,9872260.0,9495124.0,144691.09375,7215124.0,10143231.0,-2928107.0,7215133.0,4488401.5,2726731.5,2400.0,0.0,0.5907907530755977
3787.580170541374,10661.600885583483,16934814.0,19457422.0,224206.15625,6912334.0,14317015.0,-7404681.0,6912332.5,4616754.5,2295578.0,2400.0,0.0,0.6422059422923746
3328.28281686084,9964.61726964637,15915022.0,18185426.0,212447.359375,6074116.0,13050889.0,-6976773.0,6074079.5,3934765.25,2139314.25,2400.0,0.0,0.6560314287878971
4893.648233072326,6156.519389754467,11266478.0,11235648.0,160674.265625,8930908.0,12479786.0,-3548878.0,8930908.0,6026347.5,2904560.5,2400.0,0.0,0.5586713963455139
1361.6844528171155,8307.710858571776,13158075.0,15161572.0,183560.5625,2485074.25,8734707.0,-6249632.75,2485063.25,1197761.25,1287302.0,2400.0,0.0,0.7456416824811684
1491.5838114726103,11143.645473928125,17041102.0,20337152.0,230935.28125,2722140.5,11083000.0,-8360859.5,2722144.25,1321857.0,1400287.25,2400.0,0.0,0.7390123526122928
4470.557933068496,14112.549201938145,19514278.0,25519272.0,2293251.75,8158768.0,16208686.0,-8049918.0,8158751.0,5030907.0,3127844.0,2400.0,0.0,0.5794362736073715
4318.35010802026,5805.367354293329,10698574.0,10594795.0,154077.65625,7880989.0,11255677.0,-3374688.0,7880991.0,5127534.5,2753456.5,2400.0,0.0,0.5790592702317802
1794.9126671615672,6381.7122366886815,10768689.0,11646625.0,155443.875,3275715.5,7802207.0,-4526491.5,3275723.5,1633901.625,1641821.875,2400.0,0.0,0.7216487922923351
4665.993705528661,11818.801576335216,18521324.0,21569312.0,289994.15625,8515439.0,16470523.0,-7955084.0,8515436.0,5861511.5,2653924.5,2400.0,0.0,0.6156382680381832
1745.9718744676218,5079.215013632627,9065409.0,9269567.0,135816.359375,3186398.75,6633552.5,-3447153.75,3186381.5,1440886.625,1745494.875,2400.0,0.0,0.7277965580468941
3905.8518628361185,13663.089226350256,19395758.0,24892108.0,1605092.75,7128179.5,15453269.0,-8325089.5,7128130.5,4343379.0,2784751.5,2400.0,0.0,0.6057334119813884
4851.802795253498,13800.661689988112,19540506.0,25125590.0,1827226.0,8854540.0,16891848.0,-8037308.0,8854520.0,5699043.0,3155477.0,2400.0,0.0,0.5750568346854471
3144.5854301948552,6408.954648456565,11194900.0,11696342.0,159397.1875,5738868.5,9898471.0,-4159602.5,5738870.5,3486036.0,2252834.5,2400.0,0.0,0.6420857379381798
3978.3393101333877,12670.080676559239,19076986.0,23122898.0,582621.125,7260469.0,15625345.0,-8364876.0,7260461.0,4698050.0,2562411.0,2400.0,0.0,0.6278759691116524
4296.409950592884,10219.454170758174,16446184.0,18650504.0,218037.8125,7840948.0,14813773.0,-6972825.0,7840952.0,5393399.5,2447552.5,2400.0,0.0,0.6208109695157518
1180.6087833078952,9113.221150972304,14184201.0,16631629.0,195715.328125,2154611.0,9094720.0,-6940109.0,2154609.0,970010.0,1184599.0,2400.0,0.0,0.7550313953191272
3918.314148399551,5925.046186166966,10765106.0,10813209.0,154662.375,7150923.5,10713585.0,-3562661.5,7150921.0,4547331.0,2603590.0,2400.0,0.0,0.5992555443464915
1902.9481227827118,12416.151878544111,18519716.0,22659478.0,417479.0,3472880.25,12405397.0,-8932516.75,3472902.0,1797305.875,1675596.125,2400.0,0.0,0.708689044548821
3194.5076504968843,12884.59243714263,19045708.0,23514382.0,753019.375,5829976.5,14416550.0,-8586573.5,5829924.0,3507170.25,2322753.75,2400.0,0.0,0.6490415525696361
1224.2353041749873,12283.575328095243,18229490.0,22417524.0,358434.75,2234229.5,11401328.0,-9167098.5,2234196.5,959477.625,1274718.875,2400.0,0.0,0.739480459270372
4415.646596599172,12481.643747545899,19033950.0,22779000.0,455490.875,8058555.0,16332099.0,-8273544.0,8058542.5,5429453.0,2629089.5,2400.0,0.0,0.6172327864514551
2465.543082624661,14191.514023645801,19217286.0,25647188.0,2252316.5,4499616.0,13270639.0,-8771023.0,4499591.0,2262977.5,2236613.5,2400.0,0.0,0.6374568262692125
3200.717304164675,5475.230202429491,10021196.0,9992295.0,146196.953125,5841309.0,9191722.0,-3350413.0,5841292.5,3451581.0,2389711.5,2400.0,0.0,0.632906822729683
2781.0864514478926,8648.891284862173,14041144.0,15784227.0,191667.6875,5075483.0,11161777.0,-6086294.0,5075455.5,3119011.0,1956444.5,2400.0,0.0,0.673122684831189
1874.151796581887,10699.944907194953,16551826.0,19527400.0,222308.6875,3420327.0,11324142.0,-7903815.0,3420333.0,1843257.375,1577075.625,2400.0,0.0,0.7212838988366909
2163.1999870602467,9149.291625178437,14574586.0,16697457.0,198426.828125,3947840.0,10576087.0,-6628247.0,3947858.0,2227765.0,1720093.0,2400.0,0.0,0.7059518688445121
3186.1023549410043,13799.309458790103,19302674.0,25101058.0,1771346.5,5814637.0,14353501.0,-8538864.0,5814608.0,3296929.5,2517678.5,2400.0,0.0,0.6243648735698809
4340.934994822323,8523.36163393646,14232584.0,15555135.0,193203.453125,7922206.5,13534407.0,-5612200.5,7922220.0,5381984.0,2540236.0,2400.0,0.0,0.6062263906669331
2788.171600839629,8872.381152383074,14343087.0,16192096.0,195074.875,5088413.0,11348903.0,-6260490.0,5088376.0,3133184.0,1955192.0,2400.0,0.0,0.6740011246911435
2811.0732649622882,5973.614738545532,10552233.0,10901847.0,152206.484375,5130208.5,9013805.0,-3883596.5,5130200.5,2969485.25,2160715.25,2400.0,0.0,0.6581958876077992
4766.895660981123,10781.099091401953,17298272.0,19675506.0,229285.390625,8699585.0,15973594.0,-7274009.0,8699595.0,6065147.5,2634447.5,2400.0,0.0,0.6096287761685064
2565.5464551739024,5658.257469447532,10073388.0,10326320.0,146846.0,4682122.5,8369179.0,-3687056.5,4682102.5,2599144.5,2082958.0,2400.0,0.0,0.6711814367147024
3152.8283220012595,11710.093234184853,18157042.0,21370920.0,269833.84375,5753911.5,14001766.0,-8247854.5,5753886.5,3601413.5,2152473.0,2400.0,0.0,0.6693881950934885
1013.5765393112029,6240.285260255351,10241481.0,11388521.0,150589.03125,1849777.125,6581519.5,-4731742.375,1849761.875,715199.5,1134562.375,2400.0,0.0,0.7736251973854079
2096.659090249579,5673.450449770518,9953181.0,10354047.0,145764.6875,3826402.75,7659542.0,-3833139.25,3826401.75,1958360.125,1868041.625,2400.0,0.0,0.7018945925886448
2976.6501776004334,7730.62138844051,12875393.0,14108384.0,178391.640625,5432386.5,10722939.0,-5290552.5,5432377.5,3347915.5,2084462.0,2400.0,0.0,0.6588989415744891
3341.257442379109,12318.059940139741,18761500.0,22480460.0,379782.34375,6097795.0,14596211.0,-8498416.0,6097769.0,3849627.0,2248142.0,2400.0,0.0,0.6564956467775936
3267.916649669552,10336.234996497064,16397930.0,18863628.0,218122.484375,5963948.0,13237333.0,-7273385.0,5963919.5,3844600.0,2119319.5,2400.0,0.0,0.6604724520831192
1622.2191915004778,8737.21589904169,13839030.0,15945419.0,190874.71875,2960550.0,9432962.0,-6472412.0,2960562.5,1505964.75,1454597.75,2400.0,0.0,0.7319926315334591
4975.6488095475925,5462.91596643061,10416233.0,9969822.0,151419.921875,9080559.0,12012209.0,-2931650.0,9080565.0,6045791.0,3034774.0,2400.0,0.0,0.5467729490554546
2702.235406563398,6478.250473303475,11181931.0,11822807.0,159393.421875,4931579.5,9251409.0,-4319829.5,4931568.5,2846399.0,2085169.5,2400.0,0.0,0.6674031902033536
3850.785787876606,11677.071336061515,18241154.0,21310656.0,261111.71875,7027684.0,15112024.0,-8084340.0,7027672.0,4663490.5,2364181.5,2400.0,0.0,0.6436916911858634
4616.413409596272,9435.126049496854,15491174.0,17219106.0,207215.90625,8424954.0,14702160.0,-6277206.0,8424958.0,5828818.0,2596140.0,2400.0,0.0,0.6040842986640961
4494.5725519298785,11346.365385810674,17962434.0,20707116.0,245016.921875,8202595.0,15930729.0,-7728134.0,8202592.0,5641848.5,2560743.5,2400.0,0.0,0.6213287292979165
1066.5448772107268,9828.25074439637,15100210.0,17936558.0,206484.640625,1946444.375,9477172.0,-7530727.625,1946478.375,827771.75,1118706.625,2400.0,0.0,0.7594532110998654
2376.540932332199,6327.475467362093,10883910.0,11547643.0,156191.234375,4337187.0,8644081.0,-4306894.0,4337161.0,2409777.75,1927383.25,2400.0,0.0,0.6851763600869509
1588.3810498095245,14691.28911616147,19047376.0,26328322.0,2821477.0,2898795.5,12065993.0,-9167197.5,2898800.0,1155659.375,1743140.625,2400.0,0.0,0.6517021735037675
4485.498657487249,13015.276969390416,19287528.0,23752880.0,907303.4375,8186035.0,16395197.0,-8209162.0,8186025.5,5347305.0,2838720.5,2400.0,0.0,0.6038880156072929
2710.8119702447484,14740.580661220178,19335034.0,26404150.0,2949280.25,4947232.0,13578102.0,-8630870.0,4947206.5,2502995.0,2444211.5,2400.0,0.0,0.6167203091716977
1080.0171592906036,11972.503841738257,17889402.0,21849820.0,282339.78125,1971031.375,11053326.0,-9082294.625,1971043.625,806277.5,1164766.125,2400.0,0.0,0.7509975910758143
4284.517773603259,10832.649835315813,17235516.0,19769586.0,227880.359375,7819245.0,15257597.0,-7438352.0,7819243.5,5385095.0,2434148.5,2400.0,0.0,0.6247280285271963
1155.136897203172,10469.338348479174,16001594.0,19106542.0,217036.703125,2108124.75,10090673.0,-7982548.25,2108133.75,924960.5625,1183173.1875,2400.0,0.0,0.7542703445954436
3528.3144096138863,6992.267892753553,12043453.0,12760889.0,168877.484375,6439174.0,10989924.0,-4550750.0,6439172.5,4091433.75,2347738.75,2400.0,0.0,0.627261118882787
2539.4804013490752,7006.4682781313795,11818967.0,12786805.0,166736.109375,4634551.5,9448662.0,-4814110.5,4634526.5,2678757.75,1955768.75,2400.0,0.0,0.6784182965316162
1170.6081883137506,8210.234996810614,12958029.0,14983679.0,181626.109375,2136360.0,8374932.5,-6238572.5,2136353.75,952575.375,1183778.375,2400.0,0.0,0.7568924930603254
1915.9698998627948,9009.232757192765,14297339.0,16441850.0,195636.46875,3496645.0,10099547.0,-6602902.0,3496654.25,1910030.5,1586623.75,2400.0,0.0,0.7170721260556526
1479.8044365463184,12145.472487367675,18197066.0,22165488.0,316782.03125,2700643.0,11702214.0,-9001571.0,2700678.25,1278935.625,1421742.625,2400.0,0.0,0.7318012601156167
3971.6410092547585,13100.137815837636,19259764.0,23907752.0,930384.8125,7248245.0,15626407.0,-8378162.0,7248205.0,4594415.0,2653790.0,2400.0,0.0,0.6181719686261364
2519.1730716832863,12057.427902525746,18373388.0,22004806.0,292490.59375,4597491.0,13222560.0,-8625069.0,4597474.0,2698283.5,1899190.5,2400.0,0.0,0.6906692305555419
4221.8301419732325,14767.137598413674,19584198.0,26446314.0,3060714.0,7704840.0,15798309.0,-8093469.0,7704828.0,4580473.5,3124354.5,2400.0,0.0,0.5734564050163575
3624.1976468002,5964.514740856789,10744321.0,10885239.0,154347.59375,6614160.5,10281077.0,-3666916.5,6614135.5,4126728.5,2487407.0,2400.0,0.0,0.6139822683629801
4586.599871282656,8552.15441159661,14315580.0,15607682.0,194157.734375,8370545.0,13952180.0,-5581635.0,8370534.5,5752217.5,2618317.0,2400.0,0.0,0.5970241252616384
4634.63057273425,10198.230699684931,16465614.0,18611772.0,218181.140625,8458201.0,15347046.0,-6888845.0,8458204.0,5915542.5,2542661.5,2400.0,0.0,0.6082611903602564
1680.5951720897003,5180.44050599481,9155186.0,9454304.0,136922.234375,3067086.25,6632404.5,-3565318.25,3067080.75,1388315.375,1678765.375,2400.0,0.0,0.7311636980566115
1345.2971004927426,14228.151844038843,18937722.0,25751180.0,2266620.25,2455167.25,11778867.0,-9323699.75,2455167.5,931339.875,1523827.625,2400.0,0.0,0.6713993071187195
4533.763722147045,10926.183789003317,17397650.0,19940286.0,230289.1875,8274119.0,15734008.0,-7459889.0,8274114.5,5768635.0,2505479.5,2400.0,0.0,0.6166229626320314
4861.72062641176,14414.420568001833,19633582.0,25977222.0,2631220.75,8872640.0,16805666.0,-7933026.0,8872645.0,5559551.0,3313094.0,2400.0,0.0,0.5633761763532952
2770.45754349177,8133.626833907329,13359493.0,14843869.0,183971.828125,5056085.0,10729952.0,-5673867.0,5056057.5,3077635.0,1978422.5,2400.0,0.0,0.671332858357361
2360.1248305784293,13994.748316053554,19165384.0,25406434.0,2004161.625,4307228.0,13144736.0,-8837508.0,4307217.0,2166804.25,2140412.75,2400.0,0.0,0.645002423464331
1296.6417267098893,5605.146968967715,9545844.0,10229393.0,141939.671875,2366371.25,6442677.5,-4076306.25,2366388.5,974817.8125,1391570.6875,2400.0,0.0,0.7578614374272684
2012.966743609852,11181.226245030906,17239898.0,20405738.0,232352.078125,3673664.25,11895622.0,-8221957.75,3673651.0,2020612.0,1653039.0,2400.0,0.0,0.7159603806194982
3111.155832739598,5584.1059188128975,10142248.0,10190993.0,147547.03125,5677859.5,9138825.0,-3460965.5,5677854.0,3329344.75,2348509.25,2400.0,0.0,0.6391292628121662
3482.5841023736125,5798.796530879894,10501531.0,10582804.0,151606.28125,6355716.0,9914400.0,-3558684.0,6355694.0,3899122.75,2456571.25,2400.0,0.0,0.6199792543858613
2124.940093041164,12914.192569320396,18868838.0,23568402.0,717271.625,3878015.75,12839317.0,-8961301.25,3878014.75,2031246.5,1846768.25,2400.0,0.0,0.6874790791231763
4869.844950104232,11007.160413816124,17584984.0,20088068.0,233762.234375,8887467.0,16321053.0,-7433586.0,8887466.0,6248376.5,2639089.5,2400.0,0.0,0.6068907442088645
4906.806240853415,8471.196038067157,14258369.0,15459933.0,193530.03125,8954921.0,14417291.0,-5462370.0,8954923.0,6250103.0,2704820.0,2400.0,0.0,0.5840038609282693
2115.527936135144,8100.340969754075,13151175.0,14783122.0,182282.390625,3860838.5,9676040.0,-5815201.5,3860832.5,2143048.25,1717784.25,2400.0,0.0,0.7053852640376491
1991.895163699388,14993.262758127108,19188174.0,26701492.0,3197234.75,3635208.75,12570251.0,-8935042.25,3635192.75,1579268.625,2055924.125,2400.0,0.0,0.6325069478756684
4828.233874717505,8095.37692191773,13758456.0,14774063.0,187976.203125,8811527.0,13982318.0,-5170791.0,8811523.0,6101475.5,2710047.5,2400.0,0.0,0.5833416081598977
2069.7479414084246,6047.206846459014,10426312.0,11036152.0,151222.140625,3777290.0,7934492.5,-4157202.5,3777268.0,1962301.125,1814966.875,2400.0,0.0,0.7038412814523458
1206.183020619617,8427.98204606153,13272059.0,15381067.0,185190.796875,2201284.0,8592419.0,-6391135.0,2201281.75,990183.6875,1211098.0625,2400.0,0.0,0.7548512141521916
1849.8184807987118,5742.710729506245,9959941.0,10480447.0,146082.484375,3375918.75,7346894.5,-3970975.75,3375926.75,1641840.0,1734086.75,2400.0,0.0,0.7187989390363776
3584.8243786450553,14488.459736838793,19455814.0,26005618.0,2668091.75,6542304.5,14846795.0,-8304490.5,6542293.5,3702504.5,2839789.0,2400.0,0.0,0.5977590121151357
1925.974096638703,10862.090840281699,16782144.0,19823316.0,225312.234375,3514902.75,11526239.0,-8011336.25,3514911.5,1913435.125,1601476.375,2400.0,0.0,0.719084184605991
2436.655148907265,7172.7498438777475,12017569.0,13090268.0,169026.578125,4446895.5,9419778.0,-4972882.5,4446886.0,2536114.5,1910771.5,2400.0,0.0,0.6852629845185625
1677.730133121399,10725.42467956639,16541471.0,19573900.0,223183.203125,3061857.5,11052224.0,-7990366.5,3061863.25,1577275.25,1484588.0,2400.0,0.0,0.7307672826942063
4819.109050027071,11618.161937833502,18339630.0,21203146.0,264328.03125,8794874.0,16627101.0,-7832227.0,8794870.0,6122179.5,2672690.5,2400.0,0.0,0.6113613498490901
1311.7634413411997,13534.564505522485,18834436.0,24672468.0,1379218.75,2393968.25,11741680.0,-9347711.75,2393983.0,953315.0,1440668.0,2400.0,0.0,0.6958594706017125
1567.292919233896,12644.05524075825,18570930.0,23075400.0,542293.3125,2860309.5,11980671.0,-9120361.5,2860315.0,1343243.625,1517071.375,2400.0,0.0,0.7160370916400032
2732.9466031958946,10004.284616059793,15870296.0,18257820.0,212666.09375,4987627.5,12122901.0,-7135273.5,4987592.5,3032396.5,1955196.0,2400.0,0.0,0.6827270587068716
3782.425265916023,9981.376508994483,16033703.0,18216012.0,213510.125,6902926.0,13801179.0,-6898253.0,6902921.0,4617074.5,2285846.5,2400.0,0.0,0.6383113410288286
3630.135690379802,7686.665369951586,12963347.0,14028164.0,179131.859375,6624997.5,11729375.0,-5104377.5,6624985.0,4303976.5,2321008.5,2400.0,0.0,0.6276688922419941
3942.331938544253,12006.457819984895,18592168.0,21911786.0,292550.125,7194756.0,15441728.0,-8246972.0,7194745.0,4792143.0,2402602.0,2400.0,0.0,0.6387625160006984
3730.4274121176963,12354.871881159474,18856950.0,22547642.0,395049.90625,6808030.0,15215287.0,-8407257.0,6808014.5,4414027.5,2393987.0,2400.0,0.0,0.6423613807921004
2268.7311850326632,6789.564781920675,11454304.0,12390956.0,162811.796875,4140434.5,8854676.0,-4714241.5,4140423.5,2293650.25,1846773.25,2400.0,0.0,0.6928820657887187
2965.501429684097,8336.63189320767,13672196.0,15214353.0,187373.015625,5412040.0,11202943.0,-5790903.0,5412025.5,3371510.5,2040515.0,2400.0,0.0,0.6628495830560389
3288.3883357920936,13934.385040001183,19349330.0,25322336.0,1938638.75,6001308.5,14492831.0,-8491522.5,6001274.5,3409534.75,2591739.75,2400.0,0.0,0.6177228195780348
2894.6153484886245,5509.814978485762,9975656.0,10055412.0,145675.171875,5282673.0,8748664.0,-3465991.0,5282644.0,3034608.5,2248035.5,2400.0,0.0,0.6503847123027419
1197.2369816941741,10410.271623528166,15941573.0,18998746.0,216208.15625,2184957.5,10104384.0,-7919426.5,2184968.75,973056.5,1211912.25,2400.0,0.0,0.7525394697862912
1373.9733381906613,13082.993601399729,18732236.0,23876464.0,872392.9375,2507501.25,11796516.0,-9289014.75,2507509.75,1066692.25,1440817.5,2400.0,0.0,0.7099856228017128
1431.7587695880834,14270.963912068739,18970970.0,25803724.0,2303395.0,2612959.75,11892392.0,-9279432.25,2612970.25,1025822.0625,1587148.1875,2400.0,0.0,0.667599715959115
2450.6243059022454,12625.08286527401,18795664.0,23040776.0,500444.15625,4472389.5,13296673.0,-8824283.5,4472379.5,2530518.0,1941861.5,2400.0,0.0,0.6831516351689885
3124.7446991680267,6206.3482938322995,10929844.0,11326586.0,156415.28125,5702659.0,9702464.0,-3999805.0,5702646.5,3441851.0,2260795.5,2400.0,0.0,0.6418278672953499
2687.475270227251,7473.091176933744,12463223.0,13638391.0,173923.640625,4904642.5,10067750.0,-5163107.5,4904609.5,2928817.0,1975792.5,2400.0,0.0,0.6721242778318877
4514.932564647251,5412.279502872536,10254990.0,9877410.0,149305.421875,8239752.0,11226470.0,-2986718.0,8239755.5,5352411.0,2887344.5,2400.0,0.0,0.5660373296877292
1635.5784915162972,8815.648441233143,13948011.0,16088558.0,192062.828125,2984930.75,9529552.0,-6544621.25,2984927.0,1540132.75,1444794.25,2400.0,0.0,0.7312773862621226
3655.852422675961,9609.64476347493,15512438.0,17537602.0,207648.4375,6671930.5,13311167.0,-6639236.5,6671934.5,4425647.0,2246287.5,2400.0,0.0,0.6407574371789294
4453.518245844956,5241.862487585562,10030705.0,9566399.0,146754.0,8127671.0,10978556.0,-2850885.0,8127679.5,5232969.0,2894710.5,2400.0,0.0,0.566896423491034
3453.949080142473,10896.087262226847,17170552.0,19885360.0,227823.25,6303457.0,13956873.0,-7653416.0,6303435.5,4121586.75,2181848.75,2400.0,0.0,0.6556444302161492
2947.397309940623,12389.957211178946,18734026.0,22611672.0,415340.9375,5379000.0,13974026.0,-8595026.0,5378954.5,3243179.5,2135775.0,2400.0,0.0,0.669295328100733
1026.686592862515,5296.360192579652,9007044.0,9665857.0,136106.609375,1873703.0,5816564.0,-3942861.0,1873712.0,657328.3125,1216383.6875,2400.0,0.0,0.7805361729563346
2606.2677943744993,7255.360538096061,12152628.0,13241033.0,170418.828125,4756438.5,9767906.0,-5011467.5,4756418.0,2806881.25,1949536.75,2400.0,0.0,0.6752408525830976
1134.6697504584236,10514.884738647504,16076031.0,19189664.0,217973.625,2070772.25,10100652.0,-8029879.75,2070809.125,892303.5625,1178505.5625,2400.0,0.0,0.7561477483793401
2228.7328634370488,7035.594957870091,11770778.0,12839961.0,166465.09375,4067437.5,8991092.0,-4923654.5,4067420.25,2248790.5,1818629.75,2400.0,0.0,0.6961909604248104
2923.6027104984078,13909.651524208848,19276272.0,25284358.0,1894883.0,5335575.0,13960217.0,-8624642.0,5335548.0,2918768.5,2416779.5,2400.0,0.0,0.6295334480320385
4681.483416366453,8852.745735492748,14719007.0,16156261.0,198622.9375,8543707.0,14352622.0,-5808915.0,8543694.0,5921576.0,2622118.0,2400.0,0.0,0.5959119866066224
3299.4186502074303,7529.260140612776,12692908.0,13740900.0,176195.75,6021439.0,11066664.0,-5045225.0,6021445.0,3796167.75,2225277.25,2400.0,0.0,0.6422776170371332
3434.936368115038,8248.57505935392,13664879.0,15053649.0,187022.859375,6268759.0,11868405.0,-5599646.0,6268734.5,4041165.5,2227569.0,2400.0,0.0,0.6408694083707619
1856.7111876970498,5365.837587597379,9465056.0,9792654.0,140310.0,3388498.0,7044370.5,-3655872.5,3388488.25,1622787.375,1765700.875,2400.0,0.0,0.7180750210603747
4016.826790382572,13343.050398075517,19303866.0,24351066.0,1308487.875,7330709.0,15607567.0,-8276858.0,7330696.5,4550315.5,2780381.0,2400.0,0.0,0.6093050657673063
